{
    "fold_accuracies": [
        0.8597014925373134,
        0.8776119402985074,
        0.835820895522388,
        0.8656716417910447,
        0.8746268656716418
    ],
    "fold_f1_scores": [
        0.8455564316480992,
        0.8582625284244478,
        0.7838184369622989,
        0.8266202815371614,
        0.8522850807767486
    ],
    "average_accuracy": 0.862686567164179,
    "average_f1_score": 0.8333085518697512,
    "std_deviation": 0.014865551758792523,
    "best_params": {
        "hidden_dim": 128,
        "num_layers": 2,
        "learning_rate": 0.0003991451817717935,
        "batch_size": 16,
        "dropout": 0.524080793750091,
        "weight_decay": 0.010442172003770593,
        "label_smoothing": 0.06378602912958048
    }
}