{
    "fold_accuracies": [
        0.9333333333333333,
        0.9101449275362319,
        0.8953488372093024,
        0.936046511627907,
        0.9215116279069767
    ],
    "fold_f1_scores": [
        0.9060350414008335,
        0.8807033627535173,
        0.8582030387118271,
        0.9097813113330355,
        0.8969261212643564
    ],
    "average_accuracy": 0.9192770475227501,
    "average_f1_score": 0.8903297750927139,
    "std_deviation": 0.015097962186396356,
    "best_params": {
        "hidden_dim": 128,
        "num_layers": 2,
        "learning_rate": 0.0003862316751156472,
        "batch_size": 16,
        "dropout": 0.5186053208448862,
        "weight_decay": 0.010267698763050108,
        "label_smoothing": 0.060892679191816866
    }
}