{
    "fold_accuracies": [
        0.8571428571428571,
        0.8248847926267281,
        0.8703703703703703,
        0.8981481481481481,
        0.875
    ],
    "average_accuracy": 0.8651092336576207,
    "std_deviation": 0.024077148917946673,
    "best_params": {
        "hidden_dim": 128,
        "num_layers": 1,
        "learning_rate": 0.000519814558541978,
        "batch_size": 16,
        "dropout": 0.5000415570634499,
        "weight_decay": 0.010183503357016108,
        "label_smoothing": 0.055511506944340316
    }
}