{
    "baseline_acc": 0.9658119658119658,
    "ablation": {
        "左手 LH 手腕 Wrist(0)": {
            "masked_acc": 0.8846153846153846,
            "drop": 0.08119658119658124
        },
        "左手 LH 拇指關節 IP(3)": {
            "masked_acc": 0.8760683760683761,
            "drop": 0.08974358974358976
        },
        "左手 LH 拇指尖 Tip(4)": {
            "masked_acc": 0.9444444444444444,
            "drop": 0.021367521367521403
        },
        "左手 LH 食指關節 DIP(7)": {
            "masked_acc": 0.8205128205128205,
            "drop": 0.14529914529914534
        },
        "左手 LH 食指尖 Tip(8)": {
            "masked_acc": 0.9444444444444444,
            "drop": 0.021367521367521403
        },
        "左手 LH 中指關節 DIP(11)": {
            "masked_acc": 0.9188034188034188,
            "drop": 0.047008547008547064
        },
        "左手 LH 中指尖 Tip(12)": {
            "masked_acc": 0.9444444444444444,
            "drop": 0.021367521367521403
        },
        "左手 LH 無名指關節 DIP(15)": {
            "masked_acc": 0.9102564102564102,
            "drop": 0.05555555555555558
        },
        "左手 LH 無名指尖 Tip(16)": {
            "masked_acc": 0.9572649572649573,
            "drop": 0.008547008547008517
        },
        "左手 LH 小指關節 DIP(19)": {
            "masked_acc": 0.9572649572649573,
            "drop": 0.008547008547008517
        },
        "左手 LH 小指尖 Tip(20)": {
            "masked_acc": 0.9615384615384616,
            "drop": 0.004273504273504258
        },
        "左手 LH 拇食距離(TI-ED)": {
            "masked_acc": 0.9401709401709402,
            "drop": 0.02564102564102566
        },
        "左手 LH 指尖夾角(Angle)": {
            "masked_acc": 0.9658119658119658,
            "drop": 0.0
        },
        "左手 LH 掌面距離(Plane)": {
            "masked_acc": 0.9658119658119658,
            "drop": 0.0
        },
        "右手 RH 手腕 Wrist(0)": {
            "masked_acc": 0.9017094017094017,
            "drop": 0.0641025641025641
        },
        "右手 RH 拇指關節 IP(3)": {
            "masked_acc": 0.9572649572649573,
            "drop": 0.008547008547008517
        },
        "右手 RH 拇指尖 Tip(4)": {
            "masked_acc": 0.811965811965812,
            "drop": 0.15384615384615385
        },
        "右手 RH 食指關節 DIP(7)": {
            "masked_acc": 0.9658119658119658,
            "drop": 0.0
        },
        "右手 RH 食指尖 Tip(8)": {
            "masked_acc": 0.8034188034188035,
            "drop": 0.16239316239316237
        },
        "右手 RH 中指關節 DIP(11)": {
            "masked_acc": 0.9572649572649573,
            "drop": 0.008547008547008517
        },
        "右手 RH 中指尖 Tip(12)": {
            "masked_acc": 0.8504273504273504,
            "drop": 0.11538461538461542
        },
        "右手 RH 無名指關節 DIP(15)": {
            "masked_acc": 0.9615384615384616,
            "drop": 0.004273504273504258
        },
        "右手 RH 無名指尖 Tip(16)": {
            "masked_acc": 0.9572649572649573,
            "drop": 0.008547008547008517
        },
        "右手 RH 小指關節 DIP(19)": {
            "masked_acc": 0.9572649572649573,
            "drop": 0.008547008547008517
        },
        "右手 RH 小指尖 Tip(20)": {
            "masked_acc": 0.8888888888888888,
            "drop": 0.07692307692307698
        },
        "右手 RH 拇食距離(TI-ED)": {
            "masked_acc": 0.9572649572649573,
            "drop": 0.008547008547008517
        },
        "右手 RH 指尖夾角(Angle)": {
            "masked_acc": 0.9401709401709402,
            "drop": 0.02564102564102566
        },
        "右手 RH 掌面距離(Plane)": {
            "masked_acc": 0.9444444444444444,
            "drop": 0.021367521367521403
        }
    },
    "permutation": {
        "左手 LH 手腕 Wrist(0)": {
            "mean_drop": 0.07863247863247864,
            "std_drop": 0.01032738972102101
        },
        "左手 LH 拇指關節 IP(3)": {
            "mean_drop": 0.0982905982905983,
            "std_drop": 0.021109553906373483
        },
        "左手 LH 拇指尖 Tip(4)": {
            "mean_drop": 0.026495726495726513,
            "std_drop": 0.005669444086077587
        },
        "左手 LH 食指關節 DIP(7)": {
            "mean_drop": 0.16324786324786325,
            "std_drop": 0.020117268881948418
        },
        "左手 LH 食指尖 Tip(8)": {
            "mean_drop": 0.011111111111111117,
            "std_drop": 0.009205409926725664
        },
        "左手 LH 中指關節 DIP(11)": {
            "mean_drop": 0.12564102564102564,
            "std_drop": 0.027108976969493517
        },
        "左手 LH 中指尖 Tip(12)": {
            "mean_drop": 0.014529914529914567,
            "std_drop": 0.0043581363364041045
        },
        "左手 LH 無名指關節 DIP(15)": {
            "mean_drop": 0.09743589743589746,
            "std_drop": 0.014403674825942531
        },
        "左手 LH 無名指尖 Tip(16)": {
            "mean_drop": 0.011111111111111117,
            "std_drop": 0.005796863233440424
        },
        "左手 LH 小指關節 DIP(19)": {
            "mean_drop": 0.032478632478632474,
            "std_drop": 0.0074511093051977065
        },
        "左手 LH 小指尖 Tip(20)": {
            "mean_drop": 0.014529914529914567,
            "std_drop": 0.0043581363364041045
        },
        "左手 LH 拇食距離(TI-ED)": {
            "mean_drop": 0.0196581196581197,
            "std_drop": 0.0020935809767377517
        },
        "左手 LH 指尖夾角(Angle)": {
            "mean_drop": 0.0,
            "std_drop": 0.0
        },
        "左手 LH 掌面距離(Plane)": {
            "mean_drop": 0.0008547008547008517,
            "std_drop": 0.003197997766473443
        },
        "右手 RH 手腕 Wrist(0)": {
            "mean_drop": 0.07777777777777779,
            "std_drop": 0.006837606837606861
        },
        "右手 RH 拇指關節 IP(3)": {
            "mean_drop": 0.015384615384615418,
            "std_drop": 0.004358136336404109
        },
        "右手 RH 拇指尖 Tip(4)": {
            "mean_drop": 0.15982905982905984,
            "std_drop": 0.021554735406698302
        },
        "右手 RH 食指關節 DIP(7)": {
            "mean_drop": 0.005982905982905984,
            "std_drop": 0.006395995532946924
        },
        "右手 RH 食指尖 Tip(8)": {
            "mean_drop": 0.1418803418803419,
            "std_drop": 0.010945511516979225
        },
        "右手 RH 中指關節 DIP(11)": {
            "mean_drop": 0.010256410256410265,
            "std_drop": 0.002093580976737806
        },
        "右手 RH 中指尖 Tip(12)": {
            "mean_drop": 0.0982905982905983,
            "std_drop": 0.015989988832367293
        },
        "右手 RH 無名指關節 DIP(15)": {
            "mean_drop": 0.004273504273504258,
            "std_drop": 0.0038223384230765497
        },
        "右手 RH 無名指尖 Tip(16)": {
            "mean_drop": 0.0341880341880342,
            "std_drop": 0.011781238249649752
        },
        "右手 RH 小指關節 DIP(19)": {
            "mean_drop": 0.015384615384615418,
            "std_drop": 0.0074511093051977395
        },
        "右手 RH 小指尖 Tip(20)": {
            "mean_drop": 0.13931623931623932,
            "std_drop": 0.0074511093051977595
        },
        "右手 RH 拇食距離(TI-ED)": {
            "mean_drop": 0.008547008547008562,
            "std_drop": 0.00604364770244915
        },
        "右手 RH 指尖夾角(Angle)": {
            "mean_drop": 0.004273504273504281,
            "std_drop": 0.0060436477024491345
        },
        "右手 RH 掌面距離(Plane)": {
            "mean_drop": 0.0076923076923076875,
            "std_drop": 0.0031979977664734786
        }
    }
}