{
    "baseline_acc": 0.6907216494845361,
    "ablation": {
        "左手 LH 手腕 Wrist(0)": {
            "masked_acc": 0.5876288659793815,
            "drop": 0.1030927835051546,
            "drop_pct": 14.925373134328353
        },
        "左手 LH 拇指關節 IP(3)": {
            "masked_acc": 0.5876288659793815,
            "drop": 0.1030927835051546,
            "drop_pct": 14.925373134328353
        },
        "左手 LH 拇指尖 Tip(4)": {
            "masked_acc": 0.6907216494845361,
            "drop": 0.0,
            "drop_pct": 0.0
        },
        "左手 LH 食指關節 DIP(7)": {
            "masked_acc": 0.6185567010309279,
            "drop": 0.07216494845360821,
            "drop_pct": 10.447761194029846
        },
        "左手 LH 食指尖 Tip(8)": {
            "masked_acc": 0.6804123711340206,
            "drop": 0.010309278350515427,
            "drop_pct": 1.4925373134328306
        },
        "左手 LH 中指關節 DIP(11)": {
            "masked_acc": 0.6701030927835051,
            "drop": 0.020618556701030966,
            "drop_pct": 2.985074626865677
        },
        "左手 LH 中指尖 Tip(12)": {
            "masked_acc": 0.711340206185567,
            "drop": -0.020618556701030966,
            "drop_pct": -2.985074626865677
        },
        "左手 LH 無名指關節 DIP(15)": {
            "masked_acc": 0.6391752577319587,
            "drop": 0.05154639175257736,
            "drop_pct": 7.4626865671641855
        },
        "左手 LH 無名指尖 Tip(16)": {
            "masked_acc": 0.6907216494845361,
            "drop": 0.0,
            "drop_pct": 0.0
        },
        "左手 LH 小指關節 DIP(19)": {
            "masked_acc": 0.6597938144329897,
            "drop": 0.030927835051546393,
            "drop_pct": 4.477611940298508
        },
        "左手 LH 小指尖 Tip(20)": {
            "masked_acc": 0.6907216494845361,
            "drop": 0.0,
            "drop_pct": 0.0
        },
        "右手 RH 手腕 Wrist(0)": {
            "masked_acc": 0.5360824742268041,
            "drop": 0.15463917525773196,
            "drop_pct": 22.388059701492537
        },
        "右手 RH 拇指關節 IP(3)": {
            "masked_acc": 0.44329896907216493,
            "drop": 0.24742268041237114,
            "drop_pct": 35.820895522388064
        },
        "右手 RH 拇指尖 Tip(4)": {
            "masked_acc": 0.6391752577319587,
            "drop": 0.05154639175257736,
            "drop_pct": 7.4626865671641855
        },
        "右手 RH 食指關節 DIP(7)": {
            "masked_acc": 0.4329896907216495,
            "drop": 0.25773195876288657,
            "drop_pct": 37.31343283582089
        },
        "右手 RH 食指尖 Tip(8)": {
            "masked_acc": 0.6082474226804123,
            "drop": 0.08247422680412375,
            "drop_pct": 11.940298507462693
        },
        "右手 RH 中指關節 DIP(11)": {
            "masked_acc": 0.6701030927835051,
            "drop": 0.020618556701030966,
            "drop_pct": 2.985074626865677
        },
        "右手 RH 中指尖 Tip(12)": {
            "masked_acc": 0.6804123711340206,
            "drop": 0.010309278350515427,
            "drop_pct": 1.4925373134328306
        },
        "右手 RH 無名指關節 DIP(15)": {
            "masked_acc": 0.5463917525773195,
            "drop": 0.14432989690721654,
            "drop_pct": 20.89552238805971
        },
        "右手 RH 無名指尖 Tip(16)": {
            "masked_acc": 0.6701030927835051,
            "drop": 0.020618556701030966,
            "drop_pct": 2.985074626865677
        },
        "右手 RH 小指關節 DIP(19)": {
            "masked_acc": 0.5773195876288659,
            "drop": 0.11340206185567014,
            "drop_pct": 16.4179104477612
        },
        "右手 RH 小指尖 Tip(20)": {
            "masked_acc": 0.6701030927835051,
            "drop": 0.020618556701030966,
            "drop_pct": 2.985074626865677
        }
    },
    "permutation": {
        "左手 LH 手腕 Wrist(0)": {
            "mean_drop": 0.1505154639175258,
            "std_drop": 0.034869143351108786
        },
        "左手 LH 拇指關節 IP(3)": {
            "mean_drop": 0.1917525773195876,
            "std_drop": 0.01912086287731073
        },
        "左手 LH 拇指尖 Tip(4)": {
            "mean_drop": 0.012371134020618558,
            "std_drop": 0.026404636030650935
        },
        "左手 LH 食指關節 DIP(7)": {
            "mean_drop": 0.17731958762886596,
            "std_drop": 0.02295985304259803
        },
        "左手 LH 食指尖 Tip(8)": {
            "mean_drop": 0.039175257731958756,
            "std_drop": 0.012022581226485154
        },
        "左手 LH 中指關節 DIP(11)": {
            "mean_drop": 0.04536082474226803,
            "std_drop": 0.030302965890101195
        },
        "左手 LH 中指尖 Tip(12)": {
            "mean_drop": 0.008247422680412364,
            "std_drop": 0.02719774424386172
        },
        "左手 LH 無名指關節 DIP(15)": {
            "mean_drop": 0.0865979381443299,
            "std_drop": 0.019120862877310737
        },
        "左手 LH 無名指尖 Tip(16)": {
            "mean_drop": 0.035051546391752564,
            "std_drop": 0.021228103383478372
        },
        "左手 LH 小指關節 DIP(19)": {
            "mean_drop": 0.10103092783505155,
            "std_drop": 0.00771475749850298
        },
        "左手 LH 小指尖 Tip(20)": {
            "mean_drop": 0.05567010309278351,
            "std_drop": 0.019120862877310737
        },
        "右手 RH 手腕 Wrist(0)": {
            "mean_drop": 0.18556701030927836,
            "std_drop": 0.02688330888743359
        },
        "右手 RH 拇指關節 IP(3)": {
            "mean_drop": 0.2020618556701031,
            "std_drop": 0.012371134020618565
        },
        "右手 RH 拇指尖 Tip(4)": {
            "mean_drop": 0.06391752577319587,
            "std_drop": 0.015151482945050592
        },
        "右手 RH 食指關節 DIP(7)": {
            "mean_drop": 0.20412371134020618,
            "std_drop": 0.03474700937392313
        },
        "右手 RH 食指尖 Tip(8)": {
            "mean_drop": 0.05360824742268042,
            "std_drop": 0.013676803259197514
        },
        "右手 RH 中指關節 DIP(11)": {
            "mean_drop": 0.03711340206185567,
            "std_drop": 0.021228103383478355
        },
        "右手 RH 中指尖 Tip(12)": {
            "mean_drop": 0.039175257731958756,
            "std_drop": 0.022014594334085175
        },
        "右手 RH 無名指關節 DIP(15)": {
            "mean_drop": 0.14226804123711342,
            "std_drop": 0.015151482945050573
        },
        "右手 RH 無名指尖 Tip(16)": {
            "mean_drop": 0.026804123711340222,
            "std_drop": 0.020201977260067443
        },
        "右手 RH 小指關節 DIP(19)": {
            "mean_drop": 0.11958762886597936,
            "std_drop": 0.045919706085196056
        },
        "右手 RH 小指尖 Tip(20)": {
            "mean_drop": 0.04948453608247423,
            "std_drop": 0.007714757498502992
        }
    }
}