{
    "fold_accuracies": [
        0.8616071428571429,
        0.8834080717488789,
        0.9192825112107623,
        0.8968609865470852,
        0.8654708520179372
    ],
    "fold_f1_scores": [
        0.8353787160551867,
        0.8469176020058373,
        0.8885511176130371,
        0.8813644032266325,
        0.8364338080220434
    ],
    "average_accuracy": 0.8853259128763613,
    "average_f1_score": 0.8577291293845473,
    "std_deviation": 0.02119712292996121,
    "best_params": {
        "hidden_dim": 128,
        "num_layers": 2,
        "learning_rate": 0.0003991451817717935,
        "batch_size": 16,
        "dropout": 0.524080793750091,
        "weight_decay": 0.010442172003770593,
        "label_smoothing": 0.06378602912958048
    }
}