{
    "fold_accuracies": [
        0.8616071428571429,
        0.8789237668161435,
        0.9282511210762332,
        0.8789237668161435,
        0.8609865470852018
    ],
    "average_accuracy": 0.8817384689301729,
    "std_deviation": 0.02455680946442471,
    "best_params": {
        "hidden_dim": 128,
        "num_layers": 2,
        "learning_rate": 0.0003862316751156472,
        "batch_size": 16,
        "dropout": 0.5186053208448862,
        "weight_decay": 0.010267698763050108,
        "label_smoothing": 0.060892679191816866
    }
}