{
    "fold_accuracies": [
        0.9097472924187726,
        0.8985507246376812,
        0.9094202898550725,
        0.9021739130434783,
        0.9057971014492754
    ],
    "fold_f1_scores": [
        0.8400638902160641,
        0.8430776988475198,
        0.8656959975696817,
        0.8726140722023075,
        0.8827040387659583
    ],
    "average_accuracy": 0.905137864280856,
    "average_f1_score": 0.8608311395203062,
    "std_deviation": 0.004294089095903466,
    "best_params": {
        "hidden_dim": 128,
        "num_layers": 2,
        "learning_rate": 0.00039495117669810173,
        "batch_size": 16,
        "dropout": 0.5321009407674288,
        "weight_decay": 0.015215487005059923,
        "label_smoothing": 0.05929026986713623
    }
}