{
    "hidden_dim": 128,
    "num_layers": 1,
    "learning_rate": 0.0007209095815891825,
    "batch_size": 16,
    "dropout": 0.5159089533851583,
    "weight_decay": 0.011661164279292464,
    "label_smoothing": 0.08067590627169793
}