{
    "fold_accuracies": [
        0.9101449275362319,
        0.9101449275362319,
        0.9011627906976745,
        0.9302325581395349,
        0.9476744186046512
    ],
    "fold_f1_scores": [
        0.8778163709928417,
        0.8808240546977391,
        0.857372156788915,
        0.8934173163077587,
        0.9303277810950225
    ],
    "average_accuracy": 0.9198719245028648,
    "average_f1_score": 0.8879515359764554,
    "std_deviation": 0.016849819199928843,
    "best_params": {
        "hidden_dim": 128,
        "num_layers": 2,
        "learning_rate": 0.0003403293944990319,
        "batch_size": 16,
        "dropout": 0.5260339484591011,
        "weight_decay": 0.014987364985649874,
        "label_smoothing": 0.06071858177994055
    }
}