{
    "baseline_acc": 0.6288659793814433,
    "ablation": {
        "左手 LH 手腕 Wrist(0)": {
            "masked_acc": 0.5876288659793815,
            "drop": 0.04123711340206182,
            "drop_pct": 6.557377049180323
        },
        "左手 LH 拇指根 CMC(1)": {
            "masked_acc": 0.6185567010309279,
            "drop": 0.010309278350515427,
            "drop_pct": 1.6393442622950762
        },
        "左手 LH 拇指關節 MCP(2)": {
            "masked_acc": 0.6185567010309279,
            "drop": 0.010309278350515427,
            "drop_pct": 1.6393442622950762
        },
        "左手 LH 拇指關節 IP(3)": {
            "masked_acc": 0.5979381443298969,
            "drop": 0.030927835051546393,
            "drop_pct": 4.918032786885247
        },
        "左手 LH 拇指尖 Tip(4)": {
            "masked_acc": 0.5876288659793815,
            "drop": 0.04123711340206182,
            "drop_pct": 6.557377049180323
        },
        "左手 LH 食指根 MCP(5)": {
            "masked_acc": 0.6391752577319587,
            "drop": -0.010309278350515427,
            "drop_pct": -1.6393442622950762
        },
        "左手 LH 食指關節 PIP(6)": {
            "masked_acc": 0.6391752577319587,
            "drop": -0.010309278350515427,
            "drop_pct": -1.6393442622950762
        },
        "左手 LH 食指關節 DIP(7)": {
            "masked_acc": 0.6288659793814433,
            "drop": 0.0,
            "drop_pct": 0.0
        },
        "左手 LH 食指尖 Tip(8)": {
            "masked_acc": 0.6185567010309279,
            "drop": 0.010309278350515427,
            "drop_pct": 1.6393442622950762
        },
        "左手 LH 中指根 MCP(9)": {
            "masked_acc": 0.6288659793814433,
            "drop": 0.0,
            "drop_pct": 0.0
        },
        "左手 LH 中指關節 PIP(10)": {
            "masked_acc": 0.6494845360824743,
            "drop": -0.020618556701030966,
            "drop_pct": -3.2786885245901702
        },
        "左手 LH 中指關節 DIP(11)": {
            "masked_acc": 0.6391752577319587,
            "drop": -0.010309278350515427,
            "drop_pct": -1.6393442622950762
        },
        "左手 LH 中指尖 Tip(12)": {
            "masked_acc": 0.6391752577319587,
            "drop": -0.010309278350515427,
            "drop_pct": -1.6393442622950762
        },
        "左手 LH 無名指根 MCP(13)": {
            "masked_acc": 0.6288659793814433,
            "drop": 0.0,
            "drop_pct": 0.0
        },
        "左手 LH 無名指關節 PIP(14)": {
            "masked_acc": 0.6082474226804123,
            "drop": 0.020618556701030966,
            "drop_pct": 3.2786885245901702
        },
        "左手 LH 無名指關節 DIP(15)": {
            "masked_acc": 0.6082474226804123,
            "drop": 0.020618556701030966,
            "drop_pct": 3.2786885245901702
        },
        "左手 LH 無名指尖 Tip(16)": {
            "masked_acc": 0.6288659793814433,
            "drop": 0.0,
            "drop_pct": 0.0
        },
        "左手 LH 小指根 MCP(17)": {
            "masked_acc": 0.6082474226804123,
            "drop": 0.020618556701030966,
            "drop_pct": 3.2786885245901702
        },
        "左手 LH 小指關節 PIP(18)": {
            "masked_acc": 0.6288659793814433,
            "drop": 0.0,
            "drop_pct": 0.0
        },
        "左手 LH 小指關節 DIP(19)": {
            "masked_acc": 0.6391752577319587,
            "drop": -0.010309278350515427,
            "drop_pct": -1.6393442622950762
        },
        "左手 LH 小指尖 Tip(20)": {
            "masked_acc": 0.6391752577319587,
            "drop": -0.010309278350515427,
            "drop_pct": -1.6393442622950762
        },
        "右手 RH 手腕 Wrist(0)": {
            "masked_acc": 0.5773195876288659,
            "drop": 0.05154639175257736,
            "drop_pct": 8.196721311475416
        },
        "右手 RH 拇指根 CMC(1)": {
            "masked_acc": 0.6185567010309279,
            "drop": 0.010309278350515427,
            "drop_pct": 1.6393442622950762
        },
        "右手 RH 拇指關節 MCP(2)": {
            "masked_acc": 0.6185567010309279,
            "drop": 0.010309278350515427,
            "drop_pct": 1.6393442622950762
        },
        "右手 RH 拇指關節 IP(3)": {
            "masked_acc": 0.5670103092783505,
            "drop": 0.061855670103092786,
            "drop_pct": 9.836065573770494
        },
        "右手 RH 拇指尖 Tip(4)": {
            "masked_acc": 0.5876288659793815,
            "drop": 0.04123711340206182,
            "drop_pct": 6.557377049180323
        },
        "右手 RH 食指根 MCP(5)": {
            "masked_acc": 0.6701030927835051,
            "drop": -0.04123711340206182,
            "drop_pct": -6.557377049180323
        },
        "右手 RH 食指關節 PIP(6)": {
            "masked_acc": 0.6494845360824743,
            "drop": -0.020618556701030966,
            "drop_pct": -3.2786885245901702
        },
        "右手 RH 食指關節 DIP(7)": {
            "masked_acc": 0.5876288659793815,
            "drop": 0.04123711340206182,
            "drop_pct": 6.557377049180323
        },
        "右手 RH 食指尖 Tip(8)": {
            "masked_acc": 0.6288659793814433,
            "drop": 0.0,
            "drop_pct": 0.0
        },
        "右手 RH 中指根 MCP(9)": {
            "masked_acc": 0.6494845360824743,
            "drop": -0.020618556701030966,
            "drop_pct": -3.2786885245901702
        },
        "右手 RH 中指關節 PIP(10)": {
            "masked_acc": 0.6185567010309279,
            "drop": 0.010309278350515427,
            "drop_pct": 1.6393442622950762
        },
        "右手 RH 中指關節 DIP(11)": {
            "masked_acc": 0.6082474226804123,
            "drop": 0.020618556701030966,
            "drop_pct": 3.2786885245901702
        },
        "右手 RH 中指尖 Tip(12)": {
            "masked_acc": 0.6185567010309279,
            "drop": 0.010309278350515427,
            "drop_pct": 1.6393442622950762
        },
        "右手 RH 無名指根 MCP(13)": {
            "masked_acc": 0.6288659793814433,
            "drop": 0.0,
            "drop_pct": 0.0
        },
        "右手 RH 無名指關節 PIP(14)": {
            "masked_acc": 0.6185567010309279,
            "drop": 0.010309278350515427,
            "drop_pct": 1.6393442622950762
        },
        "右手 RH 無名指關節 DIP(15)": {
            "masked_acc": 0.5773195876288659,
            "drop": 0.05154639175257736,
            "drop_pct": 8.196721311475416
        },
        "右手 RH 無名指尖 Tip(16)": {
            "masked_acc": 0.6494845360824743,
            "drop": -0.020618556701030966,
            "drop_pct": -3.2786885245901702
        },
        "右手 RH 小指根 MCP(17)": {
            "masked_acc": 0.6288659793814433,
            "drop": 0.0,
            "drop_pct": 0.0
        },
        "右手 RH 小指關節 PIP(18)": {
            "masked_acc": 0.6288659793814433,
            "drop": 0.0,
            "drop_pct": 0.0
        },
        "右手 RH 小指關節 DIP(19)": {
            "masked_acc": 0.6288659793814433,
            "drop": 0.0,
            "drop_pct": 0.0
        },
        "右手 RH 小指尖 Tip(20)": {
            "masked_acc": 0.6185567010309279,
            "drop": 0.010309278350515427,
            "drop_pct": 1.6393442622950762
        },
        "臉部 Face 鼻子(Nose)": {
            "masked_acc": 0.29896907216494845,
            "drop": 0.32989690721649484,
            "drop_pct": 52.459016393442624
        },
        "臉部 Face 下巴(Chin)": {
            "masked_acc": 0.5360824742268041,
            "drop": 0.09278350515463918,
            "drop_pct": 14.754098360655737
        },
        "軀幹 Pose 左肩(L_Shoulder)": {
            "masked_acc": 0.6288659793814433,
            "drop": 0.0,
            "drop_pct": 0.0
        },
        "軀幹 Pose 右肩(R_Shoulder)": {
            "masked_acc": 0.6288659793814433,
            "drop": 0.0,
            "drop_pct": 0.0
        }
    },
    "permutation": {
        "左手 LH 手腕 Wrist(0)": {
            "mean_drop": 0.04742268041237117,
            "std_drop": 0.02122810338347836
        },
        "左手 LH 拇指根 CMC(1)": {
            "mean_drop": 0.0,
            "std_drop": 0.0
        },
        "左手 LH 拇指關節 MCP(2)": {
            "mean_drop": 0.0020618556701031076,