{
    "fold_accuracies": [
        0.8076923076923077,
        0.8269230769230769,
        0.8205128205128205,
        0.8064516129032258,
        0.832258064516129
    ],
    "fold_f1_scores": [
        0.7501645021645021,
        0.7532857142857142,
        0.7207374488256839,
        0.6960541125541125,
        0.7541344445028654
    ],
    "average_accuracy": 0.818767576509512,
    "average_f1_score": 0.7348752444665756,
    "std_deviation": 0.010255689827682235,
    "best_params": {
        "hidden_dim": 128,
        "num_layers": 1,
        "learning_rate": 0.0009935270551318408,
        "batch_size": 16,
        "dropout": 0.516405553597723,
        "weight_decay": 0.012171822710258337,
        "label_smoothing": 0.05749453658585663
    }
}