{
    "fold_accuracies": [
        0.8953068592057761,
        0.8876811594202898,
        0.9239130434782609,
        0.8695652173913043,
        0.894927536231884
    ],
    "fold_f1_scores": [
        0.829631292974367,
        0.8577980978385071,
        0.8869279504420439,
        0.8123672453013665,
        0.8702225666527725
    ],
    "average_accuracy": 0.8942787631455029,
    "average_f1_score": 0.8513894306418115,
    "std_deviation": 0.017515457045290363,
    "best_params": {
        "hidden_dim": 128,
        "num_layers": 2,
        "learning_rate": 0.0004496448242471308,
        "batch_size": 16,
        "dropout": 0.5443102538428811,
        "weight_decay": 0.01329577957670845,
        "label_smoothing": 0.05019117119388712
    }
}