{
    "fold_accuracies": [
        0.9133574007220217,
        0.9057971014492754,
        0.9202898550724637,
        0.8840579710144928,
        0.8913043478260869
    ],
    "fold_f1_scores": [
        0.8542243841126194,
        0.8693985010243591,
        0.8926145345882187,
        0.8421743400255985,
        0.8532907183698792
    ],
    "average_accuracy": 0.9029613352168682,
    "average_f1_score": 0.862340495624135,
    "std_deviation": 0.013487919644589771,
    "best_params": {
        "hidden_dim": 128,
        "num_layers": 3,
        "learning_rate": 0.0004227379962930711,
        "batch_size": 16,
        "dropout": 0.5208665826297876,
        "weight_decay": 0.010442172003770593,
        "label_smoothing": 0.05143416265473414
    }
}