{
    "fold_accuracies": [
        0.8663594470046083,
        0.8755760368663594,
        0.875,
        0.9212962962962963,
        0.8796296296296297
    ],
    "average_accuracy": 0.8835722819593788,
    "std_deviation": 0.019351234616138205,
    "best_params": {
        "hidden_dim": 128,
        "num_layers": 1,
        "learning_rate": 0.000519814558541978,
        "batch_size": 16,
        "dropout": 0.5000415570634499,
        "weight_decay": 0.010183503357016108,
        "label_smoothing": 0.055511506944340316
    }
}