{
    "fold_accuracies": [
        0.8785714285714286,
        0.8428571428571429,
        0.8785714285714286,
        0.8928571428571429,
        0.9064748201438849
    ],
    "average_accuracy": 0.8798663926002055,
    "std_deviation": 0.021212290959730828,
    "best_params": {
        "hidden_dim": 128,
        "num_layers": 2,
        "learning_rate": 0.0005108000941674699,
        "batch_size": 16,
        "dropout": 0.5195928988551846,
        "weight_decay": 0.010926699014913496,
        "label_smoothing": 0.06900024263734389
    }
}