{
    "fold_accuracies": [
        0.8461538461538461,
        0.8589743589743589,
        0.8653846153846154,
        0.896774193548387,
        0.832258064516129
    ],
    "fold_f1_scores": [
        0.7738735153735153,
        0.82034360410831,
        0.7638701298701298,
        0.8336128316128314,
        0.7641444699091758
    ],
    "average_accuracy": 0.8599090157154672,
    "average_f1_score": 0.7911689101747925,
    "std_deviation": 0.021650297473754982,
    "best_params": {
        "hidden_dim": 128,
        "num_layers": 1,
        "learning_rate": 0.0009393285788758353,
        "batch_size": 16,
        "dropout": 0.5154724270528201,
        "weight_decay": 0.010090987207426586,
        "label_smoothing": 0.056746869176858346
    }
}