{
    "fold_accuracies": [
        0.8589743589743589,
        0.8141025641025641,
        0.8461538461538461,
        0.832258064516129,
        0.8193548387096774
    ],
    "fold_f1_scores": [
        0.7833489843489844,
        0.7390885225885225,
        0.7371886087768441,
        0.7170639915639916,
        0.7578937728937728
    ],
    "average_accuracy": 0.8341687344913151,
    "average_f1_score": 0.746916776034423,
    "std_deviation": 0.01664160611005325,
    "best_params": {
        "hidden_dim": 128,
        "num_layers": 2,
        "learning_rate": 0.0005505207764684902,
        "batch_size": 16,
        "dropout": 0.5190880244545566,
        "weight_decay": 0.010685453224069783,
        "label_smoothing": 0.05743910514228254
    }
}