{
    "fold_accuracies": [
        0.8571428571428571,
        0.8525345622119815,
        0.8703703703703703,
        0.8842592592592593,
        0.8472222222222222
    ],
    "average_accuracy": 0.862305854241338,
    "std_deviation": 0.013391333422227208,
    "best_params": {
        "hidden_dim": 128,
        "num_layers": 2,
        "learning_rate": 0.0005505207764684902,
        "batch_size": 16,
        "dropout": 0.5190880244545566,
        "weight_decay": 0.010685453224069783,
        "label_smoothing": 0.05743910514228254
    }
}