{
    "hidden_dim": 128,
    "num_layers": 2,
    "learning_rate": 0.00047761563912655,
    "batch_size": 16,
    "dropout": 0.5447704291130379,
    "weight_decay": 0.014755418156207109,
    "label_smoothing": 0.05046879885716726
}