{
    "fold_accuracies": [
        0.8989169675090253,
        0.927536231884058,
        0.9239130434782609,
        0.8731884057971014,
        0.894927536231884
    ],
    "fold_f1_scores": [
        0.842392440399453,
        0.9001283366902562,
        0.8880999565736408,
        0.8118260179518759,
        0.8748760827273412
    ],
    "average_accuracy": 0.9036964369800659,
    "average_f1_score": 0.8634645668685135,
    "std_deviation": 0.02003758425950629,
    "best_params": {
        "hidden_dim": 128,
        "num_layers": 2,
        "learning_rate": 0.00047761563912655,
        "batch_size": 16,
        "dropout": 0.5447704291130379,
        "weight_decay": 0.014755418156207109,
        "label_smoothing": 0.05046879885716726
    }
}