{
    "fold_accuracies": [
        0.8660714285714286,
        0.8794642857142857,
        0.8794642857142857,
        0.8928571428571429,
        0.90625
    ],
    "fold_f1_scores": [
        0.8465694338341396,
        0.8400740925740925,
        0.8439805945688299,
        0.8723478478043696,
        0.8876137751137749
    ],
    "average_accuracy": 0.8848214285714284,
    "average_f1_score": 0.8581171487790413,
    "std_deviation": 0.013658087982837816,
    "best_params": {
        "hidden_dim": 128,
        "num_layers": 2,
        "learning_rate": 0.0003862316751156472,
        "batch_size": 16,
        "dropout": 0.5186053208448862,
        "weight_decay": 0.010267698763050108,
        "label_smoothing": 0.060892679191816866
    }
}