{
    "fold_accuracies": [
        0.8258928571428571,
        0.8609865470852018,
        0.9192825112107623,
        0.8968609865470852,
        0.8475336322869955
    ],
    "fold_f1_scores": [
        0.7877130121340647,
        0.8163479331126388,
        0.8897189301926144,
        0.8826839304486365,
        0.8179309807839219
    ],
    "average_accuracy": 0.8701113068545803,
    "average_f1_score": 0.8388789573343752,
    "std_deviation": 0.033709454537639294,
    "best_params": {
        "hidden_dim": 128,
        "num_layers": 2,
        "learning_rate": 0.00039495117669810173,
        "batch_size": 16,
        "dropout": 0.5321009407674288,
        "weight_decay": 0.015215487005059923,
        "label_smoothing": 0.05929026986713623
    }
}