{
    "fold_accuracies": [
        0.9159420289855073,
        0.9101449275362319,
        0.9244186046511628,
        0.938953488372093,
        0.936046511627907
    ],
    "fold_f1_scores": [
        0.8823871597689172,
        0.8698850758023171,
        0.889406649880334,
        0.9087276642632679,
        0.9076500733565952
    ],
    "average_accuracy": 0.9251011122345805,
    "average_f1_score": 0.8916113246142862,
    "std_deviation": 0.011133123333822834,
    "best_params": {
        "hidden_dim": 128,
        "num_layers": 2,
        "learning_rate": 0.0003403293944990319,
        "batch_size": 16,
        "dropout": 0.5490710125757429,
        "weight_decay": 0.012934966659758051,
        "label_smoothing": 0.05018208001295476
    }
}